{
  "model_info": {
    "parameters": 1927841,
    "architecture": "UNet",
    "base_filters": 32,
    "depth": 3,
    "dropout": 0.1
  },
  "training_results": {
    "epochs_completed": 5,
    "best_val_loss": 7.051800234969088e-05,
    "final_train_loss": 7.509068563415892e-05,
    "final_val_loss": 7.481178374514364e-05,
    "final_lr": 0.001
  },
  "test_results": {
    "avg_test_loss": 7.702368784521241e-05,
    "avg_improvement_percent": 56.26561737060547,
    "num_test_samples": 5
  }
}