{
  "train_losses": [
    0.0004200494293262168,
    8.637618564838097e-05,
    8.143882056780664e-05,
    7.669676807436741e-05,
    7.198577042221255e-05,
    6.889530298353335e-05,
    6.801785585373705e-05,
    6.794718648727598e-05,
    6.695141747706768e-05,
    6.604118372885723e-05
  ],
  "val_losses": [
    7.581201890462653e-05,
    8.004155328357278e-05,
    6.51699047011789e-05,
    6.861794288950575e-05,
    5.410347143510621e-05,
    5.838231177099137e-05,
    5.948845385294565e-05,
    7.206097430949936e-05,
    5.732400341986323e-05,
    5.159741202053713e-05
  ],
  "learning_rates": [
    0.001,
    0.001,
    0.001,
    0.001,
    0.001,
    0.001,
    0.001,
    0.001,
    0.001,
    0.001
  ],
  "best_val_loss": 5.159741202053713e-05,
  "num_epochs": 10,
  "total_time_hours": 1.3261555137899186,
  "model_params": 1927841
}